{
    "n_estimators": 1091,
    "max_depth": 9,
    "learning_rate": 0.05604603450972944,
    "subsample": 0.823943411316115,
    "colsample_bytree": 0.697463787781385,
    "min_split_gain": 2.6657586309194836,
    "reg_alpha": 4.092910131842524,
    "reg_lambda": 2.8360008082526535,
    "scale_pos_weight": 4.389036385513548
}